job_title,company,location,age,listing_url
Data Analyst Intern,Honeywell,"Atlanta, GA",3 days ago,https://job-openings.monster.com/data-analyst-intern-atlanta-ga-us-honeywell/220899276
Sr. Data Analyst,FleetCor,"Atlanta, GA",26 days ago,https://job-openings.monster.com/sr-data-analyst-atlanta-ga-us-fleetcor/220557588
Senior Data Analyst,Zyston LLC,"Norcross, GA",26 days ago,https://job-openings.monster.com/senior-data-analyst-norcross-ga-us-zyston-llc/219642045
Data Analyst - REMOTE,NTT DATA Services,"Atlanta, GA",3 days ago,https://job-openings.monster.com/data-analyst-remote-atlanta-ga-us-ntt-data-services/221307050
Data Analyst,"KR Elixir, Inc","Atlanta, GA",4 days ago,https://job-openings.monster.com/data-analyst-atlanta-ga-us-kr-elixir-inc/221294595
Data Analyst,Eclaro,"Atlanta, GA",9 days ago,https://job-openings.monster.com/data-analyst-atlanta-ga-us-eclaro/221164400
Business/Data Analyst,Randstad,"Atlanta, GA",9 days ago,https://job-openings.monster.com/business-data-analyst-atlanta-ga-us-randstad/220742098
Data Analyst,"Nesco Resource, LLC","Atlanta, GA",1 day ago,https://job-openings.monster.com/data-analyst-atlanta-ga-us-nesco-resource-llc/221411340
Senior Business Intelligence Analyst,"CRH Americas Materials, Inc.","Atlanta, GA",27 days ago,https://job-openings.monster.com/senior-business-intelligence-analyst-atlanta-ga-us-crh-americas-materials-inc/220772836
Sr Data Analyst,Honeywell,"Atlanta, GA",12 days ago,https://job-openings.monster.com/sr-data-analyst-atlanta-ga-us-honeywell/221031964
Help Desk Analyst,Applied Resource Group,         ,11 days ago,https://job-openings.monster.com/help-desk-analyst-us-applied-resource-group/220633291
Sr. Data Warehouse Analyst,Honeywell,"Atlanta, GA",3 days ago,https://job-openings.monster.com/sr-data-warehouse-analyst-atlanta-ga-us-honeywell/220899683
Operations Research Analyst,"Gold-N-Diamonds Inc,","Atlanta, GA",18 days ago,https://job-openings.monster.com/operations-research-analyst-atlanta-ga-us-gold-n-diamonds-inc/220877887
Board Certified Behavior Analyst (BCBA) - Kennesaw,"Hopebridge, LLC","Marietta, GA",11 days ago,https://job-openings.monster.com/board-certified-behavior-analyst-bcba-kennesaw-marietta-ga-us-hopebridge-llc/b8676b31-a868-4b8c-9c87-389386a22419
Quality Assurance Analyst,Company Confidential,"Atlanta, GA",2 days ago,https://job-openings.monster.com/quality-assurance-analyst-atlanta-ga-us/221380722
Cyber Security Risk Governance Analyst,ICONMA,"Atlanta, GA",3 days ago,https://job-openings.monster.com/cyber-security-risk-governance-analyst-atlanta-ga-us-iconma/221332364
FP&A Analyst,Vaco - Atlanta,"Smyrna, GA",10 days ago,https://job-openings.monster.com/fp-a-analyst-smyrna-ga-us-vaco-atlanta/221111145
Scientific Data Analyst - Systems,Customer Value Partners,"Atlanta, GA",+30 days ago,https://job-openings.monster.com/scientific-data-analyst-systems-atlanta-ga-us-customer-value-partners/600c8777-1aa7-460c-9625-8a51cd7355a2
Data Marketing Analyst (REQ#27444),STS Technical Services,"Atlanta, GA",+30 days ago,https://job-openings.monster.com/data-marketing-analyst-req-27444-atlanta-ga-us-sts-technical-services/f3c79c91-5283-45b5-ac40-7c271c727caa
Senior Data Analyst,MBMS Medical Billing and Management Services,"Atlanta, GA",10 days ago,https://job-openings.monster.com/senior-data-analyst-atlanta-ga-us-mbms-medical-billing-management-services/1e42dfee-713d-4458-8c44-05033eb44a25
Senior Data Analyst,Acuity Talent Acquisition,"Atlanta, GA",22 days ago,https://job-openings.monster.com/senior-data-analyst-atlanta-ga-us-acuity-talent-acquisition/7f451c39-199a-40aa-8e69-f8462548b5cd
Data Analyst - iTech,Emory Healthcare/Emory University,"Atlanta, GA",+30 days ago,https://job-openings.monster.com/data-analyst-itech-atlanta-ga-us-emory-healthcare-emory-university/2e281c18-1bb1-4231-942a-acdd513a3130
Data Analyst/Sr. Data Analyst,Federal Reserve Bank (FRB),"Atlanta, GA",+30 days ago,https://job-openings.monster.com/data-analyst-sr-data-analyst-atlanta-ga-us-federal-reserve-bank-frb/26114aea-cf74-4721-ba5a-2fb96b8a7f00
Reporting Analyst / Data Analyst,Mindlance,"Atlanta, GA",+30 days ago,https://job-openings.monster.com/reporting-analyst-data-analyst-atlanta-ga-us-mindlance/b3e87081-038a-4429-8c3f-4c9614531619
"Data Analyst III, Atlanta, GA, US ID#16528","Cherokee Nation Businesses, LLC","Atlanta, GA",+30 days ago,https://job-openings.monster.com/data-analyst-iii-atlanta-ga-us-id-16528-atlanta-ga-us-cherokee-nation-businesses-llc/7453ae2c-5880-4094-bd68-05db90c06483
Data Analyst (Customer Master Data),"Graphic Packaging International, Inc","Atlanta, GA",+30 days ago,https://job-openings.monster.com/data-analyst-customer-master-data-atlanta-ga-us-graphic-packaging-international-inc/cd8e1bf0-fd3d-4ae1-93f3-5cf65ec9df30
